﻿<?xml version="1.0" encoding="UTF-8"?>
<Form xmlns="http://v8.1c.ru/8.3/xcf/logform" xmlns:app="http://v8.1c.ru/8.2/managed-application/core" xmlns:cfg="http://v8.1c.ru/8.1/data/enterprise/current-config" xmlns:dcscor="http://v8.1c.ru/8.1/data-composition-system/core" xmlns:dcssch="http://v8.1c.ru/8.1/data-composition-system/schema" xmlns:dcsset="http://v8.1c.ru/8.1/data-composition-system/settings" xmlns:ent="http://v8.1c.ru/8.1/data/enterprise" xmlns:lf="http://v8.1c.ru/8.2/managed-application/logform" xmlns:style="http://v8.1c.ru/8.1/data/ui/style" xmlns:sys="http://v8.1c.ru/8.1/data/ui/fonts/system" xmlns:v8="http://v8.1c.ru/8.1/data/core" xmlns:v8ui="http://v8.1c.ru/8.1/data/ui" xmlns:web="http://v8.1c.ru/8.1/data/ui/colors/web" xmlns:win="http://v8.1c.ru/8.1/data/ui/colors/windows" xmlns:xr="http://v8.1c.ru/8.3/xcf/readable" xmlns:xs="http://www.w3.org/2001/XMLSchema" xmlns:xsi="http://www.w3.org/2001/XMLSchema-instance" version="2.18">
	<Title>
		<v8:item>
			<v8:lang>ru</v8:lang>
			<v8:content>Подбор товара</v8:content>
		</v8:item>
	</Title>
	<WindowOpeningMode>LockOwnerWindow</WindowOpeningMode>
	<AutoTitle>false</AutoTitle>
	<VerticalScroll>useIfNecessary</VerticalScroll>
	<AutoCommandBar name="ФормаКоманднаяПанель" id="-1">
		<Autofill>false</Autofill>
		<ChildItems>
			<Button name="ОК" id="42">
				<Type>CommandBarButton</Type>
				<DefaultButton>true</DefaultButton>
				<SkipOnInput>false</SkipOnInput>
				<CommandName>Form.Command.ОК</CommandName>
				<ExtendedTooltip name="ОКExtendedTooltip" id="53"/>
			</Button>
			<Button name="Отмена" id="8">
				<Type>CommandBarButton</Type>
				<SkipOnInput>false</SkipOnInput>
				<CommandName>Form.StandardCommand.Cancel</CommandName>
				<ExtendedTooltip name="ОтменаExtendedTooltip" id="54"/>
			</Button>
			<Button name="НачатьСканирование" id="91">
				<Type>CommandBarButton</Type>
				<Representation>Picture</Representation>
				<CommandName>Form.Command.НачатьСканирование</CommandName>
				<Title>
					<v8:item>
						<v8:lang>ru</v8:lang>
						<v8:content>Сканировать штрихкод...</v8:content>
					</v8:item>
				</Title>
				<ExtendedTooltip name="НачатьСканированиеРасширеннаяПодсказка" id="92"/>
			</Button>
			<Button name="СканироватьNFCМетку" id="113">
				<Type>CommandBarButton</Type>
				<Representation>Picture</Representation>
				<CommandName>Form.Command.СканироватьNFCМетку</CommandName>
				<Title>
					<v8:item>
						<v8:lang>ru</v8:lang>
						<v8:content>Сканировать NFC метку...</v8:content>
					</v8:item>
				</Title>
				<ExtendedTooltip name="СканироватьNFCМеткуРасширеннаяПодсказка" id="114"/>
			</Button>
		</ChildItems>
	</AutoCommandBar>
	<Events>
		<Event name="OnOpen">ПриОткрытии</Event>
		<Event name="OnCreateAtServer">ПриСозданииНаСервере</Event>
	</Events>
	<ChildItems>
		<UsualGroup name="ГруппаСпискаТоваров" id="3">
			<Title>
				<v8:item>
					<v8:lang>ru</v8:lang>
					<v8:content>Список товаров</v8:content>
				</v8:item>
			</Title>
			<Group>Vertical</Group>
			<Behavior>Usual</Behavior>
			<Representation>None</Representation>
			<Format>
				<v8:item>
					<v8:lang>ru</v8:lang>
					<v8:content>Список товаров</v8:content>
				</v8:item>
			</Format>
			<ShowTitle>false</ShowTitle>
			<ExtendedTooltip name="ГруппаСпискаТоваровExtendedTooltip" id="64"/>
			<ChildItems>
				<UsualGroup name="Группа1" id="50">
					<Group>Horizontal</Group>
					<Behavior>Usual</Behavior>
					<Representation>None</Representation>
					<ShowTitle>false</ShowTitle>
					<ExtendedTooltip name="Группа1ExtendedTooltip" id="66"/>
					<ChildItems>
						<Table name="СписокТоваров" id="2">
							<CommandBarLocation>None</CommandBarLocation>
							<SkipOnInput>false</SkipOnInput>
							<DefaultItem>true</DefaultItem>
							<ChoiceMode>true</ChoiceMode>
							<SelectionMode>SingleRow</SelectionMode>
							<Header>false</Header>
							<UseAlternationRowColor>true</UseAlternationRowColor>
							<AutoInsertNewRow>true</AutoInsertNewRow>
							<EnableStartDrag>true</EnableStartDrag>
							<EnableDrag>true</EnableDrag>
							<FileDragMode>AsFile</FileDragMode>
							<DataPath>СписокТоваров</DataPath>
							<RowPictureDataPath>СписокТоваров.DefaultPicture</RowPictureDataPath>
							<BorderColor>style:BorderColor</BorderColor>
							<SearchStringLocation>Top</SearchStringLocation>
							<ViewStatusLocation>None</ViewStatusLocation>
							<SearchControlLocation>None</SearchControlLocation>
							<AutoRefresh>false</AutoRefresh>
							<AutoRefreshPeriod>60</AutoRefreshPeriod>
							<Period>
								<v8:variant xsi:type="v8:StandardPeriodVariant">Custom</v8:variant>
								<v8:startDate>0001-01-01T00:00:00</v8:startDate>
								<v8:endDate>0001-01-01T00:00:00</v8:endDate>
							</Period>
							<ChoiceFoldersAndItems>Items</ChoiceFoldersAndItems>
							<RestoreCurrentRow>false</RestoreCurrentRow>
							<TopLevelParent xsi:nil="true"/>
							<ShowRoot>false</ShowRoot>
							<AllowRootChoice>false</AllowRootChoice>
							<UpdateOnDataChange>Auto</UpdateOnDataChange>
							<AllowGettingCurrentRowURL>true</AllowGettingCurrentRowURL>
							<ContextMenu name="СписокТоваровКонтекстноеМеню" id="24"/>
							<AutoCommandBar name="СписокТоваровКоманднаяПанель" id="32"/>
							<ExtendedTooltip name="СписокТоваровExtendedTooltip" id="69"/>
							<SearchStringAddition name="СписокТоваровСтрокаПоиска" id="95">
								<AdditionSource>
									<Item>СписокТоваров</Item>
									<Type>SearchStringRepresentation</Type>
								</AdditionSource>
								<ContextMenu name="СписокТоваровСтрокаПоискаКонтекстноеМеню" id="96"/>
								<ExtendedTooltip name="СписокТоваровСтрокаПоискаРасширеннаяПодсказка" id="97"/>
							</SearchStringAddition>
							<ViewStatusAddition name="СписокТоваровСостояниеПросмотра" id="98">
								<AdditionSource>
									<Item>СписокТоваров</Item>
									<Type>ViewStatusRepresentation</Type>
								</AdditionSource>
								<ContextMenu name="СписокТоваровСостояниеПросмотраКонтекстноеМеню" id="99"/>
								<ExtendedTooltip name="СписокТоваровСостояниеПросмотраРасширеннаяПодсказка" id="100"/>
							</ViewStatusAddition>
							<SearchControlAddition name="СписокТоваровУправлениеПоиском" id="101">
								<AdditionSource>
									<Item>СписокТоваров</Item>
									<Type>SearchControl</Type>
								</AdditionSource>
								<ContextMenu name="СписокТоваровУправлениеПоискомКонтекстноеМеню" id="102"/>
								<ExtendedTooltip name="СписокТоваровУправлениеПоискомРасширеннаяПодсказка" id="103"/>
							</SearchControlAddition>
							<Events>
								<Event name="ValueChoice">СписокТоваровВыборЗначения</Event>
							</Events>
							<ChildItems>
								<LabelField name="Наименование" id="10">
									<DataPath>СписокТоваров.Наименование</DataPath>
									<WarningOnEditRepresentation>DontShow</WarningOnEditRepresentation>
									<FooterHorizontalAlign>Left</FooterHorizontalAlign>
									<ContextMenu name="НаименованиеКонтекстноеМеню" id="27"/>
									<ExtendedTooltip name="НаименованиеExtendedTooltip" id="70"/>
								</LabelField>
								<LabelField name="Код" id="9">
									<DataPath>СписокТоваров.Код</DataPath>
									<WarningOnEditRepresentation>DontShow</WarningOnEditRepresentation>
									<FooterHorizontalAlign>Left</FooterHorizontalAlign>
									<ContextMenu name="КодКонтекстноеМеню" id="26"/>
									<ExtendedTooltip name="КодExtendedTooltip" id="71"/>
								</LabelField>
							</ChildItems>
						</Table>
					</ChildItems>
				</UsualGroup>
			</ChildItems>
		</UsualGroup>
		<UsualGroup name="ГруппаОтобранныеТовары" id="19">
			<Group>Vertical</Group>
			<Behavior>Usual</Behavior>
			<Representation>None</Representation>
			<Format>
				<v8:item>
					<v8:lang>ru</v8:lang>
					<v8:content>Отобранные товары</v8:content>
				</v8:item>
			</Format>
			<ShowTitle>false</ShowTitle>
			<ExtendedTooltip name="ГруппаОтобранныеТоварыExtendedTooltip" id="74"/>
			<ChildItems>
				<Table name="Товары" id="5">
					<Representation>List</Representation>
					<TitleLocation>Top</TitleLocation>
					<CommandBarLocation>None</CommandBarLocation>
					<SkipOnInput>false</SkipOnInput>
					<Height>4</Height>
					<HeightControlVariant>UseHeightInTableRows</HeightControlVariant>
					<SelectionMode>SingleRow</SelectionMode>
					<Header>false</Header>
					<UseAlternationRowColor>true</UseAlternationRowColor>
					<AutoInsertNewRow>true</AutoInsertNewRow>
					<EnableDrag>true</EnableDrag>
					<FileDragMode>AsFile</FileDragMode>
					<DataPath>Товары</DataPath>
					<TextColor>#0000FF</TextColor>
					<BorderColor>style:BorderColor</BorderColor>
					<Title>
						<v8:item>
							<v8:lang>ru</v8:lang>
							<v8:content>Отобранные товары</v8:content>
						</v8:item>
					</Title>
					<SearchStringLocation>None</SearchStringLocation>
					<ViewStatusLocation>None</ViewStatusLocation>
					<SearchControlLocation>None</SearchControlLocation>
					<RowFilter xsi:nil="true"/>
					<ContextMenu name="ТоварыКонтекстноеМеню" id="30"/>
					<AutoCommandBar name="ТоварыКоманднаяПанель" id="33"/>
					<ExtendedTooltip name="ТоварыExtendedTooltip" id="76"/>
					<SearchStringAddition name="ТоварыСтрокаПоиска" id="104">
						<AdditionSource>
							<Item>Товары</Item>
							<Type>SearchStringRepresentation</Type>
						</AdditionSource>
						<ContextMenu name="ТоварыСтрокаПоискаКонтекстноеМеню" id="105"/>
						<ExtendedTooltip name="ТоварыСтрокаПоискаРасширеннаяПодсказка" id="106"/>
					</SearchStringAddition>
					<ViewStatusAddition name="ТоварыСостояниеПросмотра" id="107">
						<AdditionSource>
							<Item>Товары</Item>
							<Type>ViewStatusRepresentation</Type>
						</AdditionSource>
						<ContextMenu name="ТоварыСостояниеПросмотраКонтекстноеМеню" id="108"/>
						<ExtendedTooltip name="ТоварыСостояниеПросмотраРасширеннаяПодсказка" id="109"/>
					</ViewStatusAddition>
					<SearchControlAddition name="ТоварыУправлениеПоиском" id="110">
						<AdditionSource>
							<Item>Товары</Item>
							<Type>SearchControl</Type>
						</AdditionSource>
						<ContextMenu name="ТоварыУправлениеПоискомКонтекстноеМеню" id="111"/>
						<ExtendedTooltip name="ТоварыУправлениеПоискомРасширеннаяПодсказка" id="112"/>
					</SearchControlAddition>
					<ChildItems>
						<InputField name="ТоварыТовар" id="34">
							<DataPath>Товары.Товар</DataPath>
							<WarningOnEditRepresentation>DontShow</WarningOnEditRepresentation>
							<EditMode>EnterOnInput</EditMode>
							<Wrap>false</Wrap>
							<BorderColor>style:BorderColor</BorderColor>
							<ContextMenu name="ТоварыТоварКонтекстноеМеню" id="35"/>
							<ExtendedTooltip name="ТоварыТоварExtendedTooltip" id="77"/>
						</InputField>
						<InputField name="ТоварыКоличество" id="36">
							<DataPath>Товары.Количество</DataPath>
							<WarningOnEditRepresentation>DontShow</WarningOnEditRepresentation>
							<EditMode>EnterOnInput</EditMode>
							<Wrap>false</Wrap>
							<SpinButton>true</SpinButton>
							<BorderColor>style:BorderColor</BorderColor>
							<ContextMenu name="ТоварыКоличествоКонтекстноеМеню" id="37"/>
							<ExtendedTooltip name="ТоварыКоличествоExtendedTooltip" id="78"/>
							<Events>
								<Event name="OnChange">ТоварыКоличествоПриИзменении</Event>
							</Events>
						</InputField>
					</ChildItems>
				</Table>
			</ChildItems>
		</UsualGroup>
	</ChildItems>
	<Attributes>
		<Attribute name="Товары" id="1">
			<Title>
				<v8:item>
					<v8:lang>ru</v8:lang>
					<v8:content>Товары</v8:content>
				</v8:item>
			</Title>
			<Type>
				<v8:Type>v8:ValueTable</v8:Type>
			</Type>
			<Columns>
				<Column name="Товар" id="1">
					<Title>
						<v8:item>
							<v8:lang>ru</v8:lang>
							<v8:content>Товар</v8:content>
						</v8:item>
					</Title>
					<Type>
						<v8:Type>cfg:CatalogRef.Товары</v8:Type>
					</Type>
				</Column>
				<Column name="Количество" id="2">
					<Title>
						<v8:item>
							<v8:lang>ru</v8:lang>
							<v8:content>Количество</v8:content>
						</v8:item>
					</Title>
					<Type>
						<v8:Type>xs:decimal</v8:Type>
						<v8:NumberQualifiers>
							<v8:Digits>3</v8:Digits>
							<v8:FractionDigits>0</v8:FractionDigits>
							<v8:AllowedSign>Any</v8:AllowedSign>
						</v8:NumberQualifiers>
					</Type>
				</Column>
			</Columns>
		</Attribute>
		<Attribute name="СписокТоваров" id="2">
			<Title>
				<v8:item>
					<v8:lang>ru</v8:lang>
					<v8:content>Список товаров</v8:content>
				</v8:item>
			</Title>
			<Type>
				<v8:Type>cfg:DynamicList</v8:Type>
			</Type>
			<MainAttribute>true</MainAttribute>
			<UseAlways>
				<Field>СписокТоваров.IsFolder</Field>
			</UseAlways>
			<Settings xsi:type="DynamicList">
				<ManualQuery>true</ManualQuery>
				<DynamicDataRead>true</DynamicDataRead>
				<QueryText>ВЫБРАТЬ
	Товары.Код КАК Код,
	Товары.Наименование КАК Наименование,
	Товары.Артикул КАК Артикул,
	Товары.ЭтоГруппа
ИЗ
	Справочник.Товары КАК Товары</QueryText>
				<MainTable>Catalog.Товары</MainTable>
				<ListSettings>
					<dcsset:filter>
						<dcsset:viewMode>Normal</dcsset:viewMode>
						<dcsset:userSettingID>dfcece9d-5077-440b-b6b3-45a5cb4538eb</dcsset:userSettingID>
					</dcsset:filter>
					<dcsset:order>
						<dcsset:viewMode>Normal</dcsset:viewMode>
						<dcsset:userSettingID>88619765-ccb3-46c6-ac52-38e9c992ebd4</dcsset:userSettingID>
					</dcsset:order>
					<dcsset:conditionalAppearance>
						<dcsset:viewMode>Normal</dcsset:viewMode>
						<dcsset:userSettingID>b75fecce-942b-4aed-abc9-e6a02e460fb3</dcsset:userSettingID>
					</dcsset:conditionalAppearance>
					<dcsset:itemsViewMode>Normal</dcsset:itemsViewMode>
					<dcsset:itemsUserSettingID>911b6018-f537-43e8-a417-da56b22f9aec</dcsset:itemsUserSettingID>
				</ListSettings>
			</Settings>
		</Attribute>
		<Attribute name="АдресТоваровДокумента" id="6">
			<Title>
				<v8:item>
					<v8:lang>ru</v8:lang>
					<v8:content>Адрес товаров документа</v8:content>
				</v8:item>
			</Title>
			<Type>
				<v8:Type>xs:string</v8:Type>
				<v8:StringQualifiers>
					<v8:Length>0</v8:Length>
					<v8:AllowedLength>Variable</v8:AllowedLength>
				</v8:StringQualifiers>
			</Type>
		</Attribute>
	</Attributes>
	<Commands>
		<Command name="ОК" id="1">
			<Title>
				<v8:item>
					<v8:lang>ru</v8:lang>
					<v8:content>ОК</v8:content>
				</v8:item>
			</Title>
			<ToolTip>
				<v8:item>
					<v8:lang>ru</v8:lang>
					<v8:content>ОК</v8:content>
				</v8:item>
			</ToolTip>
			<Action>ОКВыполнить</Action>
			<CurrentRowUse>DontUse</CurrentRowUse>
		</Command>
		<Command name="НачатьСканирование" id="2">
			<Title>
				<v8:item>
					<v8:lang>ru</v8:lang>
					<v8:content>Начать сканирование</v8:content>
				</v8:item>
			</Title>
			<ToolTip>
				<v8:item>
					<v8:lang>ru</v8:lang>
					<v8:content>Начать сканирование</v8:content>
				</v8:item>
			</ToolTip>
			<Picture>
				<xr:Ref>CommonPicture.ШтрихКод</xr:Ref>
				<xr:LoadTransparent>true</xr:LoadTransparent>
			</Picture>
			<Action>НачатьСканирование</Action>
			<CurrentRowUse>DontUse</CurrentRowUse>
		</Command>
		<Command name="СканироватьNFCМетку" id="3">
			<Title>
				<v8:item>
					<v8:lang>ru</v8:lang>
					<v8:content>Сканировать NFC метку</v8:content>
				</v8:item>
			</Title>
			<ToolTip>
				<v8:item>
					<v8:lang>ru</v8:lang>
					<v8:content>Сканировать NFCМетку</v8:content>
				</v8:item>
			</ToolTip>
			<Picture>
				<xr:Ref>CommonPicture.NFC</xr:Ref>
				<xr:LoadTransparent>true</xr:LoadTransparent>
			</Picture>
			<Action>СканироватьNFCМетку</Action>
		</Command>
	</Commands>
	<Parameters>
		<Parameter name="АдресТоваровДокумента">
			<Type>
				<v8:Type>xs:string</v8:Type>
				<v8:StringQualifiers>
					<v8:Length>0</v8:Length>
					<v8:AllowedLength>Variable</v8:AllowedLength>
				</v8:StringQualifiers>
			</Type>
		</Parameter>
	</Parameters>
</Form>