﻿<?xml version="1.0" encoding="UTF-8"?>
<Form xmlns="http://v8.1c.ru/8.3/xcf/logform" xmlns:app="http://v8.1c.ru/8.2/managed-application/core" xmlns:cfg="http://v8.1c.ru/8.1/data/enterprise/current-config" xmlns:dcscor="http://v8.1c.ru/8.1/data-composition-system/core" xmlns:dcssch="http://v8.1c.ru/8.1/data-composition-system/schema" xmlns:dcsset="http://v8.1c.ru/8.1/data-composition-system/settings" xmlns:ent="http://v8.1c.ru/8.1/data/enterprise" xmlns:lf="http://v8.1c.ru/8.2/managed-application/logform" xmlns:style="http://v8.1c.ru/8.1/data/ui/style" xmlns:sys="http://v8.1c.ru/8.1/data/ui/fonts/system" xmlns:v8="http://v8.1c.ru/8.1/data/core" xmlns:v8ui="http://v8.1c.ru/8.1/data/ui" xmlns:web="http://v8.1c.ru/8.1/data/ui/colors/web" xmlns:win="http://v8.1c.ru/8.1/data/ui/colors/windows" xmlns:xr="http://v8.1c.ru/8.3/xcf/readable" xmlns:xs="http://www.w3.org/2001/XMLSchema" xmlns:xsi="http://www.w3.org/2001/XMLSchema-instance" version="2.18">
	<AutoCommandBar name="ФормаКоманднаяПанель" id="-1"/>
	<Events>
		<Event name="OnCreateAtServer">ПриСозданииНаСервере</Event>
		<Event name="OnWriteAtServer">ПриЗаписиНаСервере</Event>
	</Events>
	<ChildItems>
		<RadioButtonField name="ИспользоватьPushУведомления" id="29">
			<DataPath>Объект.ИспользоватьPushУведомления</DataPath>
			<Title>
				<v8:item>
					<v8:lang>ru</v8:lang>
					<v8:content>Push-уведомления</v8:content>
				</v8:item>
			</Title>
			<RadioButtonType>Auto</RadioButtonType>
			<ChoiceList>
				<xr:Item>
					<xr:Presentation/>
					<xr:CheckState>0</xr:CheckState>
					<xr:Value xsi:type="FormChoiceListDesTimeValue">
						<Presentation>
							<v8:item>
								<v8:lang>ru</v8:lang>
								<v8:content>Не использовать</v8:content>
							</v8:item>
						</Presentation>
						<Value xsi:type="xr:DesignTimeRef">Enum.PushУведомления.EnumValue.НеИспользовать</Value>
					</xr:Value>
				</xr:Item>
				<xr:Item>
					<xr:Presentation/>
					<xr:CheckState>0</xr:CheckState>
					<xr:Value xsi:type="FormChoiceListDesTimeValue">
						<Presentation>
							<v8:item>
								<v8:lang>ru</v8:lang>
								<v8:content>Отправлять непосредственно</v8:content>
							</v8:item>
						</Presentation>
						<Value xsi:type="xr:DesignTimeRef">Enum.PushУведомления.EnumValue.ОтправлятьНепосредственно</Value>
					</xr:Value>
				</xr:Item>
				<xr:Item>
					<xr:Presentation/>
					<xr:CheckState>0</xr:CheckState>
					<xr:Value xsi:type="FormChoiceListDesTimeValue">
						<Presentation>
							<v8:item>
								<v8:lang>ru</v8:lang>
								<v8:content>Использовать вспомогательный сервис</v8:content>
							</v8:item>
						</Presentation>
						<Value xsi:type="xr:DesignTimeRef">Enum.PushУведомления.EnumValue.ИспользоватьВспомогательныйСервис</Value>
					</xr:Value>
				</xr:Item>
			</ChoiceList>
			<ContextMenu name="ИспользоватьPushУведомленияКонтекстноеМеню" id="30"/>
			<ExtendedTooltip name="ИспользоватьPushУведомленияРасширеннаяПодсказка" id="31"/>
			<Events>
				<Event name="OnChange">ИспользоватьPushУведомленияПриИзменении</Event>
			</Events>
		</RadioButtonField>
		<Pages name="Настройки" id="32">
			<Title>
				<v8:item>
					<v8:lang>ru</v8:lang>
					<v8:content>Настройки</v8:content>
				</v8:item>
			</Title>
			<ToolTip>
				<v8:item>
					<v8:lang>ru</v8:lang>
					<v8:content>Настройки</v8:content>
				</v8:item>
			</ToolTip>
			<PagesRepresentation>None</PagesRepresentation>
			<ExtendedTooltip name="НастройкиРасширеннаяПодсказка" id="33"/>
			<ChildItems>
				<Page name="Локальные" id="36">
					<Title>
						<v8:item>
							<v8:lang>ru</v8:lang>
							<v8:content>Локальные</v8:content>
						</v8:item>
					</Title>
					<ToolTip>
						<v8:item>
							<v8:lang>ru</v8:lang>
							<v8:content>Локальные</v8:content>
						</v8:item>
					</ToolTip>
					<ExtendedTooltip name="ЛокальныеРасширеннаяПодсказка" id="37"/>
					<ChildItems>
						<UsualGroup name="FCM" id="16">
							<Title>
								<v8:item>
									<v8:lang>ru</v8:lang>
									<v8:content>FCM</v8:content>
								</v8:item>
							</Title>
							<ToolTip>
								<v8:item>
									<v8:lang>ru</v8:lang>
									<v8:content>FCM</v8:content>
								</v8:item>
							</ToolTip>
							<Group>Vertical</Group>
							<Behavior>Usual</Behavior>
							<Representation>NormalSeparation</Representation>
							<ShowTitle>false</ShowTitle>
							<ExtendedTooltip name="FCMРасширеннаяПодсказка" id="17"/>
							<ChildItems>
								<CheckBoxField name="ИспользоватьFCM" id="41">
									<DataPath>Объект.ИспользоватьFCM</DataPath>
									<Title>
										<v8:item>
											<v8:lang>ru</v8:lang>
											<v8:content>Использовать FCM (для Android устройств)</v8:content>
										</v8:item>
									</Title>
									<CheckBoxType>Auto</CheckBoxType>
									<ContextMenu name="ИспользоватьFCMКонтекстноеМеню" id="42"/>
									<ExtendedTooltip name="ИспользоватьFCMРасширеннаяПодсказка" id="43"/>
								</CheckBoxField>
								<InputField name="КлючОтправителя" id="7">
									<DataPath>Объект.КлючCервераОтправителяFCM</DataPath>
									<Title>
										<v8:item>
											<v8:lang>ru</v8:lang>
											<v8:content>Ключ отправителя</v8:content>
										</v8:item>
									</Title>
									<ContextMenu name="КлючОтправителяКонтекстноеМеню" id="8"/>
									<ExtendedTooltip name="КлючОтправителяРасширеннаяПодсказка" id="9"/>
								</InputField>
							</ChildItems>
						</UsualGroup>
						<UsualGroup name="APNS" id="18">
							<Title>
								<v8:item>
									<v8:lang>ru</v8:lang>
									<v8:content>APNS</v8:content>
								</v8:item>
							</Title>
							<ToolTip>
								<v8:item>
									<v8:lang>ru</v8:lang>
									<v8:content>APNS</v8:content>
								</v8:item>
							</ToolTip>
							<Group>Vertical</Group>
							<Behavior>Usual</Behavior>
							<Representation>NormalSeparation</Representation>
							<ShowTitle>false</ShowTitle>
							<ExtendedTooltip name="APNSРасширеннаяПодсказка" id="19"/>
							<ChildItems>
								<CheckBoxField name="ИспользоватьAPNS" id="38">
									<DataPath>Объект.ИспользоватьAPNS</DataPath>
									<Title>
										<v8:item>
											<v8:lang>ru</v8:lang>
											<v8:content>Использовать APNs (для IOS устройств)</v8:content>
										</v8:item>
									</Title>
									<CheckBoxType>Auto</CheckBoxType>
									<ContextMenu name="ИспользоватьAPNSКонтекстноеМеню" id="39"/>
									<ExtendedTooltip name="ИспользоватьAPNSРасширеннаяПодсказка" id="40"/>
								</CheckBoxField>
								<UsualGroup name="Группа1" id="25">
									<Group>Horizontal</Group>
									<Behavior>Usual</Behavior>
									<ShowTitle>false</ShowTitle>
									<ExtendedTooltip name="Группа1РасширеннаяПодсказка" id="26"/>
									<ChildItems>
										<Button name="ЗагрузитьСертификат" id="20">
											<Type>UsualButton</Type>
											<CommandName>Form.Command.ЗагрузитьСертификат</CommandName>
											<ExtendedTooltip name="ЗагрузитьСертификатРасширеннаяПодсказка" id="21"/>
										</Button>
										<LabelField name="СертификатЗагружен" id="22">
											<DataPath>СертификатЗагружен</DataPath>
											<ContextMenu name="СертификатЗагруженКонтекстноеМеню" id="23"/>
											<ExtendedTooltip name="СертификатЗагруженРасширеннаяПодсказка" id="24"/>
										</LabelField>
									</ChildItems>
								</UsualGroup>
							</ChildItems>
						</UsualGroup>
						<UsualGroup name="WNS" id="48">
							<Title>
								<v8:item>
									<v8:lang>ru</v8:lang>
									<v8:content>WNS</v8:content>
								</v8:item>
							</Title>
							<ToolTip>
								<v8:item>
									<v8:lang>ru</v8:lang>
									<v8:content>WNS</v8:content>
								</v8:item>
							</ToolTip>
							<Group>Vertical</Group>
							<Behavior>Usual</Behavior>
							<Representation>NormalSeparation</Representation>
							<ShowTitle>false</ShowTitle>
							<ExtendedTooltip name="WNSРасширеннаяПодсказка" id="49"/>
							<ChildItems>
								<CheckBoxField name="ИспользоватьWNS" id="59">
									<DataPath>Объект.ИспользоватьWNS</DataPath>
									<Title>
										<v8:item>
											<v8:lang>ru</v8:lang>
											<v8:content>Использовать WNS (для Windows устройств)</v8:content>
										</v8:item>
									</Title>
									<CheckBoxType>Auto</CheckBoxType>
									<ContextMenu name="ИспользоватьWNSКонтекстноеМеню" id="60"/>
									<ExtendedTooltip name="ИспользоватьWNSРасширеннаяПодсказка" id="61"/>
								</CheckBoxField>
								<InputField name="ИдентификаторПриложенияWNS" id="50">
									<DataPath>Объект.ИдентификаторПриложенияWNS</DataPath>
									<Title>
										<v8:item>
											<v8:lang>ru</v8:lang>
											<v8:content>Идентификатор приложения</v8:content>
										</v8:item>
									</Title>
									<ContextMenu name="ИдентификаторПриложенияWNSКонтекстноеМеню" id="51"/>
									<ExtendedTooltip name="ИдентификаторПриложенияWNSРасширеннаяПодсказка" id="52"/>
								</InputField>
								<InputField name="КлючПриложенияWNS" id="53">
									<DataPath>Объект.КлючПриложенияWNS</DataPath>
									<Title>
										<v8:item>
											<v8:lang>ru</v8:lang>
											<v8:content>Ключ приложения</v8:content>
										</v8:item>
									</Title>
									<ContextMenu name="КлючПриложенияWNSКонтекстноеМеню" id="54"/>
									<ExtendedTooltip name="КлючПриложенияWNSРасширеннаяПодсказка" id="55"/>
								</InputField>
							</ChildItems>
						</UsualGroup>
					</ChildItems>
				</Page>
				<Page name="Сервис" id="34">
					<Title>
						<v8:item>
							<v8:lang>ru</v8:lang>
							<v8:content>Сервис</v8:content>
						</v8:item>
					</Title>
					<ToolTip>
						<v8:item>
							<v8:lang>ru</v8:lang>
							<v8:content>Сервис</v8:content>
						</v8:item>
					</ToolTip>
					<ExtendedTooltip name="СервисРасширеннаяПодсказка" id="35"/>
					<ChildItems>
						<UsualGroup name="Группа2" id="44">
							<Group>Horizontal</Group>
							<Behavior>Usual</Behavior>
							<ShowTitle>false</ShowTitle>
							<ExtendedTooltip name="Группа2РасширеннаяПодсказка" id="45"/>
							<ChildItems>
								<InputField name="ЛогинСервиса" id="13">
									<DataPath>Объект.ЛогинСервисаПередачиPushУведомлений</DataPath>
									<ContextMenu name="ЛогинСервисаКонтекстноеМеню" id="14"/>
									<ExtendedTooltip name="ЛогинСервисаРасширеннаяПодсказка" id="15"/>
								</InputField>
								<Button name="ПолучитьЛогин" id="46">
									<Type>UsualButton</Type>
									<CommandName>Form.Command.ПолучитьЛогин</CommandName>
									<ExtendedTooltip name="ПолучитьЛогинРасширеннаяПодсказка" id="47"/>
								</Button>
							</ChildItems>
						</UsualGroup>
					</ChildItems>
				</Page>
			</ChildItems>
		</Pages>
	</ChildItems>
	<Attributes>
		<Attribute name="Объект" id="1">
			<Title>
				<v8:item>
					<v8:lang>ru</v8:lang>
					<v8:content>Объект</v8:content>
				</v8:item>
			</Title>
			<Type>
				<v8:Type>cfg:ConstantsSet</v8:Type>
			</Type>
			<MainAttribute>true</MainAttribute>
			<UseAlways>
				<Field>Объект.ИдентификаторПриложенияWNS</Field>
				<Field>Объект.ИспользоватьAPNS</Field>
				<Field>Объект.ИспользоватьFCM</Field>
				<Field>Объект.ИспользоватьPushУведомления</Field>
				<Field>Объект.ИспользоватьWNS</Field>
				<Field>Объект.КлючCервераОтправителяFCM</Field>
				<Field>Объект.КлючПриложенияWNS</Field>
				<Field>Объект.ЛогинСервисаПередачиPushУведомлений</Field>
			</UseAlways>
		</Attribute>
		<Attribute name="АдресСертификата" id="2">
			<Title>
				<v8:item>
					<v8:lang>ru</v8:lang>
					<v8:content>Адрес сертификата</v8:content>
				</v8:item>
			</Title>
			<Type>
				<v8:Type>xs:string</v8:Type>
				<v8:StringQualifiers>
					<v8:Length>0</v8:Length>
					<v8:AllowedLength>Variable</v8:AllowedLength>
				</v8:StringQualifiers>
			</Type>
		</Attribute>
		<Attribute name="СертификатЗагружен" id="3">
			<Title>
				<v8:item>
					<v8:lang>ru</v8:lang>
					<v8:content>Сертификат загружен</v8:content>
				</v8:item>
			</Title>
			<Type>
				<v8:Type>xs:boolean</v8:Type>
			</Type>
		</Attribute>
	</Attributes>
	<Commands>
		<Command name="ЗагрузитьСертификат" id="1">
			<Title>
				<v8:item>
					<v8:lang>ru</v8:lang>
					<v8:content>Загрузить сертификат</v8:content>
				</v8:item>
			</Title>
			<ToolTip>
				<v8:item>
					<v8:lang>ru</v8:lang>
					<v8:content>Загрузить сертификат</v8:content>
				</v8:item>
			</ToolTip>
			<Action>ЗагрузитьСертификат</Action>
			<CurrentRowUse>DontUse</CurrentRowUse>
		</Command>
		<Command name="ПолучитьЛогин" id="2">
			<Title>
				<v8:item>
					<v8:lang>ru</v8:lang>
					<v8:content>Получить новый ключ</v8:content>
				</v8:item>
			</Title>
			<ToolTip>
				<v8:item>
					<v8:lang>ru</v8:lang>
					<v8:content>Получить логин</v8:content>
				</v8:item>
			</ToolTip>
			<Action>ПолучитьЛогин</Action>
			<CurrentRowUse>DontUse</CurrentRowUse>
		</Command>
	</Commands>
</Form>