﻿<?xml version="1.0" encoding="UTF-8"?>
<MetaDataObject xmlns="http://v8.1c.ru/8.3/MDClasses" xmlns:app="http://v8.1c.ru/8.2/managed-application/core" xmlns:cfg="http://v8.1c.ru/8.1/data/enterprise/current-config" xmlns:cmi="http://v8.1c.ru/8.2/managed-application/cmi" xmlns:ent="http://v8.1c.ru/8.1/data/enterprise" xmlns:lf="http://v8.1c.ru/8.2/managed-application/logform" xmlns:style="http://v8.1c.ru/8.1/data/ui/style" xmlns:sys="http://v8.1c.ru/8.1/data/ui/fonts/system" xmlns:v8="http://v8.1c.ru/8.1/data/core" xmlns:v8ui="http://v8.1c.ru/8.1/data/ui" xmlns:web="http://v8.1c.ru/8.1/data/ui/colors/web" xmlns:win="http://v8.1c.ru/8.1/data/ui/colors/windows" xmlns:xen="http://v8.1c.ru/8.3/xcf/enums" xmlns:xpr="http://v8.1c.ru/8.3/xcf/predef" xmlns:xr="http://v8.1c.ru/8.3/xcf/readable" xmlns:xs="http://www.w3.org/2001/XMLSchema" xmlns:xsi="http://www.w3.org/2001/XMLSchema-instance" version="2.18">
	<DataProcessor uuid="75e877b2-d845-4893-9b97-72b6ddb72e58">
		<InternalInfo>
			<xr:GeneratedType name="DataProcessorObject.ЖурналРегистрации" category="Object">
				<xr:TypeId>b6d7c838-3244-438b-ba9a-11eb4531ef51</xr:TypeId>
				<xr:ValueId>15d64097-2ceb-4ca0-b854-910c13057513</xr:ValueId>
			</xr:GeneratedType>
			<xr:GeneratedType name="DataProcessorManager.ЖурналРегистрации" category="Manager">
				<xr:TypeId>1bbab873-f02b-439f-9be9-e210f426e14d</xr:TypeId>
				<xr:ValueId>6c90f1bf-eebe-451d-9f2b-117d4562e95f</xr:ValueId>
			</xr:GeneratedType>
		</InternalInfo>
		<Properties>
			<Name>ЖурналРегистрации</Name>
			<Synonym>
				<v8:item>
					<v8:lang>ru</v8:lang>
					<v8:content>Журнал регистрации</v8:content>
				</v8:item>
			</Synonym>
			<Comment/>
			<UseStandardCommands>true</UseStandardCommands>
			<DefaultForm>DataProcessor.ЖурналРегистрации.Form.ЖурналРегистрации</DefaultForm>
			<AuxiliaryForm/>
			<IncludeHelpInContents>true</IncludeHelpInContents>
			<ExtendedPresentation/>
			<Explanation/>
		</Properties>
		<ChildObjects>
			<Form>ЖурналРегистрации</Form>
			<Form>ОтборЖурналаРегистрации</Form>
			<Form>РедакторСоставаСвойства</Form>
			<Form>ФормаСобытия</Form>
		</ChildObjects>
	</DataProcessor>
</MetaDataObject>