﻿<?xml version="1.0" encoding="UTF-8"?>
<Form xmlns="http://v8.1c.ru/8.3/xcf/logform" xmlns:app="http://v8.1c.ru/8.2/managed-application/core" xmlns:cfg="http://v8.1c.ru/8.1/data/enterprise/current-config" xmlns:dcscor="http://v8.1c.ru/8.1/data-composition-system/core" xmlns:dcssch="http://v8.1c.ru/8.1/data-composition-system/schema" xmlns:dcsset="http://v8.1c.ru/8.1/data-composition-system/settings" xmlns:ent="http://v8.1c.ru/8.1/data/enterprise" xmlns:lf="http://v8.1c.ru/8.2/managed-application/logform" xmlns:style="http://v8.1c.ru/8.1/data/ui/style" xmlns:sys="http://v8.1c.ru/8.1/data/ui/fonts/system" xmlns:v8="http://v8.1c.ru/8.1/data/core" xmlns:v8ui="http://v8.1c.ru/8.1/data/ui" xmlns:web="http://v8.1c.ru/8.1/data/ui/colors/web" xmlns:win="http://v8.1c.ru/8.1/data/ui/colors/windows" xmlns:xr="http://v8.1c.ru/8.3/xcf/readable" xmlns:xs="http://www.w3.org/2001/XMLSchema" xmlns:xsi="http://www.w3.org/2001/XMLSchema-instance" version="2.18">
	<Width>50</Width>
	<Height>8</Height>
	<AutoCommandBar name="ФормаКоманднаяПанель" id="-1"/>
	<Events>
		<Event name="AfterWrite">ПослеЗаписи</Event>
	</Events>
	<ChildItems>
		<CheckBoxField name="РаботаСТорговымОборудованием" id="3">
			<DataPath>Константы.РаботаСТорговымОборудованием</DataPath>
			<ToolTip>
				<v8:item>
					<v8:lang>ru</v8:lang>
					<v8:content>Установите, если необходимо использовать
торговое оборудование (сканер штрих-кодов).</v8:content>
				</v8:item>
			</ToolTip>
			<ToolTipRepresentation>Button</ToolTipRepresentation>
			<CheckBoxType>Auto</CheckBoxType>
			<ContextMenu name="РаботаСТорговымОборудованиемКонтекстноеМеню" id="4"/>
			<ExtendedTooltip name="РаботаСТорговымОборудованиемExtendedTooltip" id="7"/>
		</CheckBoxField>
		<CheckBoxField name="УчетПоСкладам" id="5">
			<DataPath>Константы.УчетПоСкладам</DataPath>
			<ToolTip>
				<v8:item>
					<v8:lang>ru</v8:lang>
					<v8:content>Установите, если на предприятии ведется
учет товаров в разрезе складов.</v8:content>
				</v8:item>
			</ToolTip>
			<ToolTipRepresentation>Button</ToolTipRepresentation>
			<CheckBoxType>Auto</CheckBoxType>
			<ContextMenu name="УчетПоСкладамКонтекстноеМеню" id="6"/>
			<ExtendedTooltip name="УчетПоСкладамExtendedTooltip" id="8"/>
		</CheckBoxField>
		<InputField name="ВалютаУчета" id="9">
			<DataPath>Константы.ВалютаУчета</DataPath>
			<ContextMenu name="ВалютаУчетаКонтекстноеМеню" id="10"/>
			<ExtendedTooltip name="ВалютаУчетаРасширеннаяПодсказка" id="11"/>
		</InputField>
	</ChildItems>
	<Attributes>
		<Attribute name="Константы" id="1">
			<Type>
				<v8:Type>cfg:ConstantsSet</v8:Type>
			</Type>
			<MainAttribute>true</MainAttribute>
			<SavedData>true</SavedData>
			<UseAlways>
				<Field>Константы.РаботаСТорговымОборудованием</Field>
				<Field>Константы.УчетПоСкладам</Field>
			</UseAlways>
		</Attribute>
	</Attributes>
</Form>