{
    "$schema": "https://raw.githubusercontent.com/vanessa-opensource/vanessa-runner/develop/vanessa-runner-schema.json",
    "default": {
        "--ibconnection": "/Fbuild/ib",
        "--db-user": "",
        "--db-pwd": "",
        "--root": ".",
        "--workspace": ".",
        "--v8version": "8.3.16",
        "--locale": "ru",
        "--language": "ru",
        "--additional": "/DisplayAllFunctions /Lru  /iTaxi /TESTMANAGER",
        "--ordinaryapp": "-1"
    },
    "vanessa": {
        "--vanessasettings": "./tools/JSON/vanessaBddConf.json"
    },
    "xunit": {
        "--xddConfig": "./tools/JSON/vanessaTddConf.json",
        "testsPath": "$addRoot/tests/smoke",
        "--reportsxunit": "ГенераторОтчетаJUnitXML{out/smoke/junit/junit.xml};ГенераторОтчетаAllureXMLВерсия2{out/smoke/allure/allure.xml}",
        "--xddExitCodePath": "./build/xddExitCodePath.txt"
    },
    "syntax-check": {
        "--groupbymetadata": true,
        "--exception-file": "tools/syntax-check-excludes.txt",
        "--junitpath": "out/syntax-check/junit/junit.xml",
        "--allure-results2": "out/syntax-check/allure",
        "--mode": [
            "-ExtendedModulesCheck",
            "-ThinClient",
            "-WebClient",
            "-Server",
            "-ExternalConnection",
            "-ThickClientOrdinaryApplication"
        ]
    }
}