﻿<?xml version="1.0" encoding="UTF-8"?>
<PredefinedData xmlns="http://v8.1c.ru/8.3/xcf/predef" xmlns:v8="http://v8.1c.ru/8.1/data/core" xmlns:xr="http://v8.1c.ru/8.3/xcf/readable" xmlns:xs="http://www.w3.org/2001/XMLSchema" xmlns:xsi="http://www.w3.org/2001/XMLSchema-instance" xsi:type="CatalogPredefinedItems" version="2.18">
	<Item id="0152d17f-1c8f-4164-9740-eb35cec7a9b1">
		<Name>Закупочная</Name>
		<Code>000000010</Code>
		<Description>Закупочная</Description>
		<IsFolder>false</IsFolder>
	</Item>
</PredefinedData>