﻿<?xml version="1.0" encoding="UTF-8"?>
<Form xmlns="http://v8.1c.ru/8.3/xcf/logform" xmlns:app="http://v8.1c.ru/8.2/managed-application/core" xmlns:cfg="http://v8.1c.ru/8.1/data/enterprise/current-config" xmlns:dcscor="http://v8.1c.ru/8.1/data-composition-system/core" xmlns:dcssch="http://v8.1c.ru/8.1/data-composition-system/schema" xmlns:dcsset="http://v8.1c.ru/8.1/data-composition-system/settings" xmlns:ent="http://v8.1c.ru/8.1/data/enterprise" xmlns:lf="http://v8.1c.ru/8.2/managed-application/logform" xmlns:style="http://v8.1c.ru/8.1/data/ui/style" xmlns:sys="http://v8.1c.ru/8.1/data/ui/fonts/system" xmlns:v8="http://v8.1c.ru/8.1/data/core" xmlns:v8ui="http://v8.1c.ru/8.1/data/ui" xmlns:web="http://v8.1c.ru/8.1/data/ui/colors/web" xmlns:win="http://v8.1c.ru/8.1/data/ui/colors/windows" xmlns:xr="http://v8.1c.ru/8.3/xcf/readable" xmlns:xs="http://www.w3.org/2001/XMLSchema" xmlns:xsi="http://www.w3.org/2001/XMLSchema-instance" version="2.18">
	<AutoCommandBar name="ФормаКоманднаяПанель" id="-1"/>
	<ChildItems>
		<Table name="Список" id="1">
			<CommandBarLocation>None</CommandBarLocation>
			<ChoiceMode>true</ChoiceMode>
			<MultipleChoice>true</MultipleChoice>
			<UseAlternationRowColor>true</UseAlternationRowColor>
			<EnableStartDrag>true</EnableStartDrag>
			<DataPath>Список</DataPath>
			<RowPictureDataPath>Список.DefaultPicture</RowPictureDataPath>
			<AutoRefresh>false</AutoRefresh>
			<AutoRefreshPeriod>60</AutoRefreshPeriod>
			<Period>
				<v8:variant xsi:type="v8:StandardPeriodVariant">Custom</v8:variant>
				<v8:startDate>0001-01-01T00:00:00</v8:startDate>
				<v8:endDate>0001-01-01T00:00:00</v8:endDate>
			</Period>
			<ChoiceFoldersAndItems>Items</ChoiceFoldersAndItems>
			<RestoreCurrentRow>false</RestoreCurrentRow>
			<TopLevelParent xsi:nil="true"/>
			<ShowRoot>true</ShowRoot>
			<AllowRootChoice>false</AllowRootChoice>
			<UpdateOnDataChange>Auto</UpdateOnDataChange>
			<AllowGettingCurrentRowURL>true</AllowGettingCurrentRowURL>
			<ContextMenu name="СписокКонтекстноеМеню" id="2"/>
			<AutoCommandBar name="СписокКоманднаяПанель" id="3"/>
			<ExtendedTooltip name="СписокРасширеннаяПодсказка" id="4"/>
			<SearchStringAddition name="СписокСтрокаПоиска" id="5">
				<AdditionSource>
					<Item>Список</Item>
					<Type>SearchStringRepresentation</Type>
				</AdditionSource>
				<ContextMenu name="СписокСтрокаПоискаКонтекстноеМеню" id="6"/>
				<ExtendedTooltip name="СписокСтрокаПоискаРасширеннаяПодсказка" id="7"/>
			</SearchStringAddition>
			<ViewStatusAddition name="СписокСостояниеПросмотра" id="8">
				<AdditionSource>
					<Item>Список</Item>
					<Type>ViewStatusRepresentation</Type>
				</AdditionSource>
				<ContextMenu name="СписокСостояниеПросмотраКонтекстноеМеню" id="9"/>
				<ExtendedTooltip name="СписокСостояниеПросмотраРасширеннаяПодсказка" id="10"/>
			</ViewStatusAddition>
			<SearchControlAddition name="СписокУправлениеПоиском" id="11">
				<AdditionSource>
					<Item>Список</Item>
					<Type>SearchControl</Type>
				</AdditionSource>
				<ContextMenu name="СписокУправлениеПоискомКонтекстноеМеню" id="12"/>
				<ExtendedTooltip name="СписокУправлениеПоискомРасширеннаяПодсказка" id="13"/>
			</SearchControlAddition>
			<Events>
				<Event name="ValueChoice">СписокВыборЗначения</Event>
			</Events>
			<ChildItems>
				<LabelField name="СписокНаименование" id="14">
					<DataPath>Список.Description</DataPath>
					<Title>
						<v8:item>
							<v8:lang>ru</v8:lang>
							<v8:content>Пользователь</v8:content>
						</v8:item>
					</Title>
					<ContextMenu name="СписокНаименованиеКонтекстноеМеню" id="15"/>
					<ExtendedTooltip name="СписокНаименованиеРасширеннаяПодсказка" id="16"/>
				</LabelField>
			</ChildItems>
		</Table>
	</ChildItems>
	<Attributes>
		<Attribute name="Список" id="1">
			<Title>
				<v8:item>
					<v8:lang>ru</v8:lang>
					<v8:content>Список</v8:content>
				</v8:item>
			</Title>
			<Type>
				<v8:Type>cfg:DynamicList</v8:Type>
			</Type>
			<MainAttribute>true</MainAttribute>
			<UseAlways>
				<Field>Список.ИдентификаторПользователяИБ</Field>
			</UseAlways>
			<Settings xsi:type="DynamicList">
				<ManualQuery>false</ManualQuery>
				<DynamicDataRead>true</DynamicDataRead>
				<MainTable>Catalog.Пользователи</MainTable>
				<ListSettings>
					<dcsset:filter>
						<dcsset:viewMode>Normal</dcsset:viewMode>
						<dcsset:userSettingID>dfcece9d-5077-440b-b6b3-45a5cb4538eb</dcsset:userSettingID>
					</dcsset:filter>
					<dcsset:order>
						<dcsset:viewMode>Normal</dcsset:viewMode>
						<dcsset:userSettingID>88619765-ccb3-46c6-ac52-38e9c992ebd4</dcsset:userSettingID>
					</dcsset:order>
					<dcsset:conditionalAppearance>
						<dcsset:viewMode>Normal</dcsset:viewMode>
						<dcsset:userSettingID>b75fecce-942b-4aed-abc9-e6a02e460fb3</dcsset:userSettingID>
					</dcsset:conditionalAppearance>
					<dcsset:itemsViewMode>Normal</dcsset:itemsViewMode>
					<dcsset:itemsUserSettingID>911b6018-f537-43e8-a417-da56b22f9aec</dcsset:itemsUserSettingID>
				</ListSettings>
			</Settings>
		</Attribute>
	</Attributes>
</Form>