﻿<?xml version="1.0" encoding="UTF-8"?>
<Form xmlns="http://v8.1c.ru/8.3/xcf/logform" xmlns:app="http://v8.1c.ru/8.2/managed-application/core" xmlns:cfg="http://v8.1c.ru/8.1/data/enterprise/current-config" xmlns:dcscor="http://v8.1c.ru/8.1/data-composition-system/core" xmlns:dcssch="http://v8.1c.ru/8.1/data-composition-system/schema" xmlns:dcsset="http://v8.1c.ru/8.1/data-composition-system/settings" xmlns:ent="http://v8.1c.ru/8.1/data/enterprise" xmlns:lf="http://v8.1c.ru/8.2/managed-application/logform" xmlns:style="http://v8.1c.ru/8.1/data/ui/style" xmlns:sys="http://v8.1c.ru/8.1/data/ui/fonts/system" xmlns:v8="http://v8.1c.ru/8.1/data/core" xmlns:v8ui="http://v8.1c.ru/8.1/data/ui" xmlns:web="http://v8.1c.ru/8.1/data/ui/colors/web" xmlns:win="http://v8.1c.ru/8.1/data/ui/colors/windows" xmlns:xr="http://v8.1c.ru/8.3/xcf/readable" xmlns:xs="http://www.w3.org/2001/XMLSchema" xmlns:xsi="http://www.w3.org/2001/XMLSchema-instance" version="2.18">
	<AutoCommandBar name="ФормаКоманднаяПанель" id="-1">
		<ChildItems>
			<Button name="Позвонить" id="1">
				<Type>CommandBarButton</Type>
				<Representation>Picture</Representation>
				<DefaultButton>true</DefaultButton>
				<CommandName>Form.Command.Позвонить</CommandName>
				<ExtendedTooltip name="ПозвонитьРасширеннаяПодсказка" id="2"/>
			</Button>
		</ChildItems>
	</AutoCommandBar>
	<Events>
		<Event name="OnCreateAtServer">ПриСозданииНаСервере</Event>
	</Events>
	<ChildItems>
		<LabelField name="Текст" id="3">
			<DataPath>Текст</DataPath>
			<TitleLocation>None</TitleLocation>
			<ContextMenu name="ТекстКонтекстноеМеню" id="4"/>
			<ExtendedTooltip name="ТекстРасширеннаяПодсказка" id="5"/>
		</LabelField>
	</ChildItems>
	<Attributes>
		<Attribute name="Текст" id="1">
			<Title>
				<v8:item>
					<v8:lang>ru</v8:lang>
					<v8:content>Текст</v8:content>
				</v8:item>
			</Title>
			<Type>
				<v8:Type>xs:string</v8:Type>
				<v8:StringQualifiers>
					<v8:Length>0</v8:Length>
					<v8:AllowedLength>Variable</v8:AllowedLength>
				</v8:StringQualifiers>
			</Type>
		</Attribute>
		<Attribute name="Данные" id="2">
			<Title>
				<v8:item>
					<v8:lang>ru</v8:lang>
					<v8:content>Данные</v8:content>
				</v8:item>
			</Title>
			<Type>
				<v8:Type>xs:string</v8:Type>
				<v8:StringQualifiers>
					<v8:Length>0</v8:Length>
					<v8:AllowedLength>Variable</v8:AllowedLength>
				</v8:StringQualifiers>
			</Type>
		</Attribute>
	</Attributes>
	<Commands>
		<Command name="Позвонить" id="1">
			<Title>
				<v8:item>
					<v8:lang>ru</v8:lang>
					<v8:content>Позвонить</v8:content>
				</v8:item>
			</Title>
			<ToolTip>
				<v8:item>
					<v8:lang>ru</v8:lang>
					<v8:content>Позвонить</v8:content>
				</v8:item>
			</ToolTip>
			<Picture>
				<xr:Ref>CommonPicture.Позвонить</xr:Ref>
				<xr:LoadTransparent>false</xr:LoadTransparent>
			</Picture>
			<Action>Позвонить</Action>
			<CurrentRowUse>DontUse</CurrentRowUse>
		</Command>
	</Commands>
</Form>