﻿<?xml version="1.0" encoding="UTF-8"?>
<AccumulationRegisterAggregates xmlns="http://v8.1c.ru/8.3/xcf/extrnprops" xmlns:v8="http://v8.1c.ru/8.1/data/core" xmlns:xr="http://v8.1c.ru/8.3/xcf/readable" xmlns:xs="http://www.w3.org/2001/XMLSchema" xmlns:xsi="http://www.w3.org/2001/XMLSchema-instance" version="2.18">
	<Aggregate id="b309b8a5-8fe5-4cc4-b1b6-4db218dbdb56">
		<Use>Auto</Use>
		<Periodicity>Auto</Periodicity>
		<Dimensions>
			<Dimension ref="AccumulationRegister.Продажи.Dimension.Покупатель">true</Dimension>
			<Dimension ref="AccumulationRegister.Продажи.Dimension.Товар">false</Dimension>
		</Dimensions>
	</Aggregate>
	<Aggregate id="db2da9ec-4c6c-4ce4-be7a-cf1da89003c2">
		<Use>Auto</Use>
		<Periodicity>Auto</Periodicity>
		<Dimensions>
			<Dimension ref="AccumulationRegister.Продажи.Dimension.Покупатель">false</Dimension>
			<Dimension ref="AccumulationRegister.Продажи.Dimension.Товар">true</Dimension>
		</Dimensions>
	</Aggregate>
</AccumulationRegisterAggregates>