﻿<?xml version="1.0" encoding="UTF-8"?>
<Form xmlns="http://v8.1c.ru/8.3/xcf/logform" xmlns:app="http://v8.1c.ru/8.2/managed-application/core" xmlns:cfg="http://v8.1c.ru/8.1/data/enterprise/current-config" xmlns:dcscor="http://v8.1c.ru/8.1/data-composition-system/core" xmlns:dcssch="http://v8.1c.ru/8.1/data-composition-system/schema" xmlns:dcsset="http://v8.1c.ru/8.1/data-composition-system/settings" xmlns:ent="http://v8.1c.ru/8.1/data/enterprise" xmlns:lf="http://v8.1c.ru/8.2/managed-application/logform" xmlns:style="http://v8.1c.ru/8.1/data/ui/style" xmlns:sys="http://v8.1c.ru/8.1/data/ui/fonts/system" xmlns:v8="http://v8.1c.ru/8.1/data/core" xmlns:v8ui="http://v8.1c.ru/8.1/data/ui" xmlns:web="http://v8.1c.ru/8.1/data/ui/colors/web" xmlns:win="http://v8.1c.ru/8.1/data/ui/colors/windows" xmlns:xr="http://v8.1c.ru/8.3/xcf/readable" xmlns:xs="http://www.w3.org/2001/XMLSchema" xmlns:xsi="http://www.w3.org/2001/XMLSchema-instance" version="2.18">
	<Title>
		<v8:item>
			<v8:lang>ru</v8:lang>
			<v8:content>Настройки</v8:content>
		</v8:item>
	</Title>
	<WindowOpeningMode>LockOwnerWindow</WindowOpeningMode>
	<AutoTitle>false</AutoTitle>
	<CommandBarLocation>None</CommandBarLocation>
	<VerticalScroll>useIfNecessary</VerticalScroll>
	<AutoCommandBar name="ФормаКоманднаяПанель" id="-1"/>
	<Events>
		<Event name="OnOpen">ПриОткрытии</Event>
		<Event name="OnCreateAtServer">ПриСозданииНаСервере</Event>
	</Events>
	<ChildItems>
		<Pages name="Страницы" id="30">
			<Title>
				<v8:item>
					<v8:lang>ru</v8:lang>
					<v8:content>Страницы</v8:content>
				</v8:item>
			</Title>
			<ToolTip>
				<v8:item>
					<v8:lang>ru</v8:lang>
					<v8:content>Страницы</v8:content>
				</v8:item>
			</ToolTip>
			<PagesRepresentation>TabsOnTop</PagesRepresentation>
			<ExtendedTooltip name="СтраницыРасширеннаяПодсказка" id="31"/>
			<ChildItems>
				<Page name="Геопозиционирование" id="32">
					<Title>
						<v8:item>
							<v8:lang>ru</v8:lang>
							<v8:content>Положение</v8:content>
						</v8:item>
					</Title>
					<ToolTip>
						<v8:item>
							<v8:lang>ru</v8:lang>
							<v8:content>Геопозиционирование</v8:content>
						</v8:item>
					</ToolTip>
					<ExtendedTooltip name="ГеопозиционированиеРасширеннаяПодсказка" id="33"/>
					<ChildItems>
						<InputField name="НаборКонстантВыборПровайдераГеопозиционирования" id="34">
							<DataPath>НаборКонстант.ВыборПровайдераГеопозиционирования</DataPath>
							<Title>
								<v8:item>
									<v8:lang>ru</v8:lang>
									<v8:content>Тип провайдера</v8:content>
								</v8:item>
							</Title>
							<TitleLocation>Top</TitleLocation>
							<ContextMenu name="НаборКонстантВыборПровайдераГеопозиционированияКонтекстноеМеню" id="35"/>
							<ExtendedTooltip name="НаборКонстантВыборПровайдераГеопозиционированияРасширеннаяПодсказка" id="36"/>
							<Events>
								<Event name="OnChange">НаборКонстантВыборПровайдераГеопозиционированияПриИзменении</Event>
							</Events>
						</InputField>
						<InputField name="НаборКонстантИмяПровайдера" id="49">
							<DataPath>НаборКонстант.ИмяПровайдера</DataPath>
							<Title>
								<v8:item>
									<v8:lang>ru</v8:lang>
									<v8:content>Провайдер</v8:content>
								</v8:item>
							</Title>
							<TitleLocation>Top</TitleLocation>
							<ChoiceButton>true</ChoiceButton>
							<ContextMenu name="НаборКонстантИмяПровайдераКонтекстноеМеню" id="50"/>
							<ExtendedTooltip name="НаборКонстантИмяПровайдераРасширеннаяПодсказка" id="51"/>
							<Events>
								<Event name="OnChange">НаборКонстантИмяПровайдераПриИзменении</Event>
								<Event name="StartChoice">НаборКонстантИмяПровайдераНачалоВыбора</Event>
							</Events>
						</InputField>
						<UsualGroup name="НастройкиВыбораПровайдера" id="52">
							<Title>
								<v8:item>
									<v8:lang>ru</v8:lang>
									<v8:content>Настройки выбора провайдера</v8:content>
								</v8:item>
							</Title>
							<ToolTip>
								<v8:item>
									<v8:lang>ru</v8:lang>
									<v8:content>Настройки выбора провайдера</v8:content>
								</v8:item>
							</ToolTip>
							<Group>Vertical</Group>
							<Behavior>Usual</Behavior>
							<ExtendedTooltip name="НастройкиВыбораПровайдераРасширеннаяПодсказка" id="53"/>
							<ChildItems>
								<CheckBoxField name="НаборКонстантТолькоБесплатные" id="37">
									<DataPath>НаборКонстант.ТолькоБесплатные</DataPath>
									<CheckBoxType>Switcher</CheckBoxType>
									<ContextMenu name="НаборКонстантТолькоБесплатныеКонтекстноеМеню" id="38"/>
									<ExtendedTooltip name="НаборКонстантТолькоБесплатныеРасширеннаяПодсказка" id="39"/>
									<Events>
										<Event name="OnChange">НаборКонстантТолькоБесплатныеПриИзменении</Event>
									</Events>
								</CheckBoxField>
								<CheckBoxField name="НаборКонстантИспользоватьСотовуюСеть" id="40">
									<DataPath>НаборКонстант.ИспользоватьСотовуюСеть</DataPath>
									<CheckBoxType>Switcher</CheckBoxType>
									<ContextMenu name="НаборКонстантИспользоватьСотовуюСетьКонтекстноеМеню" id="41"/>
									<ExtendedTooltip name="НаборКонстантИспользоватьСотовуюСетьРасширеннаяПодсказка" id="42"/>
									<Events>
										<Event name="OnChange">НаборКонстантИспользоватьСотовуюСетьПриИзменении</Event>
									</Events>
								</CheckBoxField>
								<CheckBoxField name="НаборКонстантИспользоватьСетьПередачиДанных" id="43">
									<DataPath>НаборКонстант.ИспользоватьСетьПередачиДанных</DataPath>
									<CheckBoxType>Switcher</CheckBoxType>
									<ContextMenu name="НаборКонстантИспользоватьСетьПередачиДанныхКонтекстноеМеню" id="44"/>
									<ExtendedTooltip name="НаборКонстантИспользоватьСетьПередачиДанныхРасширеннаяПодсказка" id="45"/>
									<Events>
										<Event name="OnChange">НаборКонстантИспользоватьСетьПередачиДанныхПриИзменении</Event>
									</Events>
								</CheckBoxField>
								<CheckBoxField name="НаборКонстантИспользоватьСпутники" id="46">
									<DataPath>НаборКонстант.ИспользоватьСпутники</DataPath>
									<CheckBoxType>Switcher</CheckBoxType>
									<ContextMenu name="НаборКонстантИспользоватьСпутникиКонтекстноеМеню" id="47"/>
									<ExtendedTooltip name="НаборКонстантИспользоватьСпутникиРасширеннаяПодсказка" id="48"/>
									<Events>
										<Event name="OnChange">НаборКонстантИспользоватьСпутникиПриИзменении</Event>
									</Events>
								</CheckBoxField>
							</ChildItems>
						</UsualGroup>
					</ChildItems>
				</Page>
				<Page name="Прочие" id="25">
					<Title>
						<v8:item>
							<v8:lang>ru</v8:lang>
							<v8:content>Прочие</v8:content>
						</v8:item>
					</Title>
					<ToolTip>
						<v8:item>
							<v8:lang>ru</v8:lang>
							<v8:content>Прочие</v8:content>
						</v8:item>
					</ToolTip>
					<ExtendedTooltip name="ПрочиеРасширеннаяПодсказка" id="26"/>
					<ChildItems>
						<UsualGroup name="ОтметкаНаФотоснимке" id="62">
							<Title>
								<v8:item>
									<v8:lang>ru</v8:lang>
									<v8:content>Отметка на фотоснимке</v8:content>
								</v8:item>
							</Title>
							<ToolTip>
								<v8:item>
									<v8:lang>ru</v8:lang>
									<v8:content>Отметка на фотоснимке</v8:content>
								</v8:item>
							</ToolTip>
							<Group>Vertical</Group>
							<Behavior>Usual</Behavior>
							<ExtendedTooltip name="ОтметкаНаФотоснимкеРасширеннаяПодсказка" id="63"/>
							<ChildItems>
								<UsualGroup name="Дата" id="64">
									<Title>
										<v8:item>
											<v8:lang>ru</v8:lang>
											<v8:content>Дата</v8:content>
										</v8:item>
									</Title>
									<ToolTip>
										<v8:item>
											<v8:lang>ru</v8:lang>
											<v8:content>Дата</v8:content>
										</v8:item>
									</ToolTip>
									<Behavior>Usual</Behavior>
									<Representation>None</Representation>
									<ShowTitle>false</ShowTitle>
									<ExtendedTooltip name="ДатаРасширеннаяПодсказка" id="65"/>
									<ChildItems>
										<CheckBoxField name="НаборКонстантОтметкаНаФотоснимкеДата" id="66">
											<DataPath>НаборКонстант.ОтметкаНаФотоснимкеДата</DataPath>
											<Title>
												<v8:item>
													<v8:lang>ru</v8:lang>
													<v8:content>Дата</v8:content>
												</v8:item>
											</Title>
											<CheckBoxType>Auto</CheckBoxType>
											<ContextMenu name="НаборКонстантОтметкаНаФотоснимкеДатаКонтекстноеМеню" id="67"/>
											<ExtendedTooltip name="НаборКонстантОтметкаНаФотоснимкеДатаРасширеннаяПодсказка" id="68"/>
											<Events>
												<Event name="OnChange">НаборКонстантОтметкаНаФотоснимкеДатаПриИзменении</Event>
											</Events>
										</CheckBoxField>
									</ChildItems>
								</UsualGroup>
								<InputField name="НаборКонстантОтметкаНаФотоснимкеТекст" id="72">
									<DataPath>НаборКонстант.ОтметкаНаФотоснимкеТекст</DataPath>
									<Title>
										<v8:item>
											<v8:lang>ru</v8:lang>
											<v8:content>Текст</v8:content>
										</v8:item>
									</Title>
									<ContextMenu name="НаборКонстантОтметкаНаФотоснимкеТекстКонтекстноеМеню" id="73"/>
									<ExtendedTooltip name="НаборКонстантОтметкаНаФотоснимкеТекстРасширеннаяПодсказка" id="74"/>
									<Events>
										<Event name="OnChange">НаборКонстантОтметкаНаФотоснимкеТекстПриИзменении</Event>
									</Events>
								</InputField>
							</ChildItems>
						</UsualGroup>
						<UsualGroup name="ЗвуковыеОповещения" id="57">
							<Title>
								<v8:item>
									<v8:lang>ru</v8:lang>
									<v8:content>Звуковые оповещения</v8:content>
								</v8:item>
							</Title>
							<ToolTip>
								<v8:item>
									<v8:lang>ru</v8:lang>
									<v8:content>Звуковые оповещения</v8:content>
								</v8:item>
							</ToolTip>
							<Group>Vertical</Group>
							<Behavior>Usual</Behavior>
							<ExtendedTooltip name="ЗвуковыеОповещенияРасширеннаяПодсказка" id="58"/>
							<ChildItems>
								<CheckBoxField name="НаборКонстантВоспроизводитьТекстУведомления" id="59">
									<DataPath>НаборКонстант.ВоспроизводитьТекстУведомления</DataPath>
									<Title>
										<v8:item>
											<v8:lang>ru</v8:lang>
											<v8:content>Голосовое оповещение при получении уведомления</v8:content>
										</v8:item>
									</Title>
									<CheckBoxType>Switcher</CheckBoxType>
									<ContextMenu name="НаборКонстантВоспроизводитьТекстУведомленияКонтекстноеМеню" id="60"/>
									<ExtendedTooltip name="НаборКонстантВоспроизводитьТекстУведомленияРасширеннаяПодсказка" id="61"/>
									<Events>
										<Event name="OnChange">НаборКонстантВоспроизводитьТекстУведомленияПриИзменении</Event>
									</Events>
								</CheckBoxField>
							</ChildItems>
						</UsualGroup>
					</ChildItems>
				</Page>
			</ChildItems>
		</Pages>
	</ChildItems>
	<Attributes>
		<Attribute name="НаборКонстант" id="1">
			<Title>
				<v8:item>
					<v8:lang>ru</v8:lang>
					<v8:content>Адрес основной базы</v8:content>
				</v8:item>
			</Title>
			<Type>
				<v8:Type>cfg:ConstantsSet</v8:Type>
			</Type>
			<UseAlways>
				<Field>НаборКонстант.ОтметкаНаФотоснимкеДата</Field>
				<Field>НаборКонстант.ОтметкаНаФотоснимкеТекст</Field>
				<Field>НаборКонстант.РаботаСТорговымОборудованием</Field>
				<Field>НаборКонстант.УчетПоСкладам</Field>
			</UseAlways>
		</Attribute>
	</Attributes>
</Form>